{
  "cost": {
    "holdout": {
      "train": {
        "rmse": 0.08032322137957001,
        "mae": 0.007512798618490928,
        "me": 0.0018484394023709097,
        "r2": 0.9630109464917996,
        "accuracy_pct": 96.30109464917996
      },
      "test": {
        "rmse": 0.007622256166555957,
        "mae": 0.00500421855889297,
        "me": -0.0007275533293509598,
        "r2": 0.9995559523763279,
        "accuracy_pct": 99.95559523763279
      }
    }
  },
  "co2": {
    "holdout": {
      "train": {
        "rmse": 0.013532732665095951,
        "mae": 0.004463180935489406,
        "me": 0.00017294471708168192,
        "r2": 0.9975698757798239,
        "accuracy_pct": 99.75698757798239
      },
      "test": {
        "rmse": 0.005737069360059612,
        "mae": 0.004060434229983362,
        "me": -0.00037366893334551417,
        "r2": 0.9994324019704716,
        "accuracy_pct": 99.94324019704716
      }
    }
  }
}